[
{
    "model": "auth.permission",
    "fields": {
        "name": "Can add log entry",
        "content_type": [
            "admin",
            "logentry"
        ],
        "codename": "add_logentry"
    }
},
{
    "model": "auth.permission",
    "fields": {
        "name": "Can change log entry",
        "content_type": [
            "admin",
            "logentry"
        ],
        "codename": "change_logentry"
    }
},
{
    "model": "auth.permission",
    "fields": {
        "name": "Can delete log entry",
        "content_type": [
            "admin",
            "logentry"
        ],
        "codename": "delete_logentry"
    }
},
{
    "model": "auth.permission",
    "fields": {
        "name": "Can view log entry",
        "content_type": [
            "admin",
            "logentry"
        ],
        "codename": "view_logentry"
    }
},
{
    "model": "auth.permission",
    "fields": {
        "name": "Can add permission",
        "content_type": [
            "auth",
            "permission"
        ],
        "codename": "add_permission"
    }
},
{
    "model": "auth.permission",
    "fields": {
        "name": "Can change permission",
        "content_type": [
            "auth",
            "permission"
        ],
        "codename": "change_permission"
    }
},
{
    "model": "auth.permission",
    "fields": {
        "name": "Can delete permission",
        "content_type": [
            "auth",
            "permission"
        ],
        "codename": "delete_permission"
    }
},
{
    "model": "auth.permission",
    "fields": {
        "name": "Can view permission",
        "content_type": [
            "auth",
            "permission"
        ],
        "codename": "view_permission"
    }
},
{
    "model": "auth.permission",
    "fields": {
        "name": "Can add group",
        "content_type": [
            "auth",
            "group"
        ],
        "codename": "add_group"
    }
},
{
    "model": "auth.permission",
    "fields": {
        "name": "Can change group",
        "content_type": [
            "auth",
            "group"
        ],
        "codename": "change_group"
    }
},
{
    "model": "auth.permission",
    "fields": {
        "name": "Can delete group",
        "content_type": [
            "auth",
            "group"
        ],
        "codename": "delete_group"
    }
},
{
    "model": "auth.permission",
    "fields": {
        "name": "Can view group",
        "content_type": [
            "auth",
            "group"
        ],
        "codename": "view_group"
    }
},
{
    "model": "auth.permission",
    "fields": {
        "name": "Can add user",
        "content_type": [
            "auth",
            "user"
        ],
        "codename": "add_user"
    }
},
{
    "model": "auth.permission",
    "fields": {
        "name": "Can change user",
        "content_type": [
            "auth",
            "user"
        ],
        "codename": "change_user"
    }
},
{
    "model": "auth.permission",
    "fields": {
        "name": "Can delete user",
        "content_type": [
            "auth",
            "user"
        ],
        "codename": "delete_user"
    }
},
{
    "model": "auth.permission",
    "fields": {
        "name": "Can view user",
        "content_type": [
            "auth",
            "user"
        ],
        "codename": "view_user"
    }
},
{
    "model": "auth.permission",
    "fields": {
        "name": "Can add content type",
        "content_type": [
            "contenttypes",
            "contenttype"
        ],
        "codename": "add_contenttype"
    }
},
{
    "model": "auth.permission",
    "fields": {
        "name": "Can change content type",
        "content_type": [
            "contenttypes",
            "contenttype"
        ],
        "codename": "change_contenttype"
    }
},
{
    "model": "auth.permission",
    "fields": {
        "name": "Can delete content type",
        "content_type": [
            "contenttypes",
            "contenttype"
        ],
        "codename": "delete_contenttype"
    }
},
{
    "model": "auth.permission",
    "fields": {
        "name": "Can view content type",
        "content_type": [
            "contenttypes",
            "contenttype"
        ],
        "codename": "view_contenttype"
    }
},
{
    "model": "auth.permission",
    "fields": {
        "name": "Can add site",
        "content_type": [
            "sites",
            "site"
        ],
        "codename": "add_site"
    }
},
{
    "model": "auth.permission",
    "fields": {
        "name": "Can change site",
        "content_type": [
            "sites",
            "site"
        ],
        "codename": "change_site"
    }
},
{
    "model": "auth.permission",
    "fields": {
        "name": "Can delete site",
        "content_type": [
            "sites",
            "site"
        ],
        "codename": "delete_site"
    }
},
{
    "model": "auth.permission",
    "fields": {
        "name": "Can view site",
        "content_type": [
            "sites",
            "site"
        ],
        "codename": "view_site"
    }
},
{
    "model": "auth.permission",
    "fields": {
        "name": "Can add session",
        "content_type": [
            "sessions",
            "session"
        ],
        "codename": "add_session"
    }
},
{
    "model": "auth.permission",
    "fields": {
        "name": "Can change session",
        "content_type": [
            "sessions",
            "session"
        ],
        "codename": "change_session"
    }
},
{
    "model": "auth.permission",
    "fields": {
        "name": "Can delete session",
        "content_type": [
            "sessions",
            "session"
        ],
        "codename": "delete_session"
    }
},
{
    "model": "auth.permission",
    "fields": {
        "name": "Can view session",
        "content_type": [
            "sessions",
            "session"
        ],
        "codename": "view_session"
    }
},
{
    "model": "auth.permission",
    "fields": {
        "name": "Can add Категория",
        "content_type": [
            "job",
            "category"
        ],
        "codename": "add_category"
    }
},
{
    "model": "auth.permission",
    "fields": {
        "name": "Can change Категория",
        "content_type": [
            "job",
            "category"
        ],
        "codename": "change_category"
    }
},
{
    "model": "auth.permission",
    "fields": {
        "name": "Can delete Категория",
        "content_type": [
            "job",
            "category"
        ],
        "codename": "delete_category"
    }
},
{
    "model": "auth.permission",
    "fields": {
        "name": "Can view Категория",
        "content_type": [
            "job",
            "category"
        ],
        "codename": "view_category"
    }
},
{
    "model": "auth.permission",
    "fields": {
        "name": "Can add Статья",
        "content_type": [
            "job",
            "article"
        ],
        "codename": "add_article"
    }
},
{
    "model": "auth.permission",
    "fields": {
        "name": "Can change Статья",
        "content_type": [
            "job",
            "article"
        ],
        "codename": "change_article"
    }
},
{
    "model": "auth.permission",
    "fields": {
        "name": "Can delete Статья",
        "content_type": [
            "job",
            "article"
        ],
        "codename": "delete_article"
    }
},
{
    "model": "auth.permission",
    "fields": {
        "name": "Can view Статья",
        "content_type": [
            "job",
            "article"
        ],
        "codename": "view_article"
    }
},
{
    "model": "auth.permission",
    "fields": {
        "name": "Can add Комментарий",
        "content_type": [
            "job",
            "comment"
        ],
        "codename": "add_comment"
    }
},
{
    "model": "auth.permission",
    "fields": {
        "name": "Can change Комментарий",
        "content_type": [
            "job",
            "comment"
        ],
        "codename": "change_comment"
    }
},
{
    "model": "auth.permission",
    "fields": {
        "name": "Can delete Комментарий",
        "content_type": [
            "job",
            "comment"
        ],
        "codename": "delete_comment"
    }
},
{
    "model": "auth.permission",
    "fields": {
        "name": "Can view Комментарий",
        "content_type": [
            "job",
            "comment"
        ],
        "codename": "view_comment"
    }
},
{
    "model": "auth.permission",
    "fields": {
        "name": "Can add Рейтинг",
        "content_type": [
            "job",
            "rating"
        ],
        "codename": "add_rating"
    }
},
{
    "model": "auth.permission",
    "fields": {
        "name": "Can change Рейтинг",
        "content_type": [
            "job",
            "rating"
        ],
        "codename": "change_rating"
    }
},
{
    "model": "auth.permission",
    "fields": {
        "name": "Can delete Рейтинг",
        "content_type": [
            "job",
            "rating"
        ],
        "codename": "delete_rating"
    }
},
{
    "model": "auth.permission",
    "fields": {
        "name": "Can view Рейтинг",
        "content_type": [
            "job",
            "rating"
        ],
        "codename": "view_rating"
    }
},
{
    "model": "auth.permission",
    "fields": {
        "name": "Can add Просмотр",
        "content_type": [
            "job",
            "viewcount"
        ],
        "codename": "add_viewcount"
    }
},
{
    "model": "auth.permission",
    "fields": {
        "name": "Can change Просмотр",
        "content_type": [
            "job",
            "viewcount"
        ],
        "codename": "change_viewcount"
    }
},
{
    "model": "auth.permission",
    "fields": {
        "name": "Can delete Просмотр",
        "content_type": [
            "job",
            "viewcount"
        ],
        "codename": "delete_viewcount"
    }
},
{
    "model": "auth.permission",
    "fields": {
        "name": "Can view Просмотр",
        "content_type": [
            "job",
            "viewcount"
        ],
        "codename": "view_viewcount"
    }
},
{
    "model": "auth.permission",
    "fields": {
        "name": "Can add Профиль",
        "content_type": [
            "system",
            "profile"
        ],
        "codename": "add_profile"
    }
},
{
    "model": "auth.permission",
    "fields": {
        "name": "Can change Профиль",
        "content_type": [
            "system",
            "profile"
        ],
        "codename": "change_profile"
    }
},
{
    "model": "auth.permission",
    "fields": {
        "name": "Can delete Профиль",
        "content_type": [
            "system",
            "profile"
        ],
        "codename": "delete_profile"
    }
},
{
    "model": "auth.permission",
    "fields": {
        "name": "Can view Профиль",
        "content_type": [
            "system",
            "profile"
        ],
        "codename": "view_profile"
    }
},
{
    "model": "auth.permission",
    "fields": {
        "name": "Can add Обратная связь",
        "content_type": [
            "system",
            "feedback"
        ],
        "codename": "add_feedback"
    }
},
{
    "model": "auth.permission",
    "fields": {
        "name": "Can change Обратная связь",
        "content_type": [
            "system",
            "feedback"
        ],
        "codename": "change_feedback"
    }
},
{
    "model": "auth.permission",
    "fields": {
        "name": "Can delete Обратная связь",
        "content_type": [
            "system",
            "feedback"
        ],
        "codename": "delete_feedback"
    }
},
{
    "model": "auth.permission",
    "fields": {
        "name": "Can view Обратная связь",
        "content_type": [
            "system",
            "feedback"
        ],
        "codename": "view_feedback"
    }
},
{
    "model": "auth.permission",
    "fields": {
        "name": "Can add tag",
        "content_type": [
            "taggit",
            "tag"
        ],
        "codename": "add_tag"
    }
},
{
    "model": "auth.permission",
    "fields": {
        "name": "Can change tag",
        "content_type": [
            "taggit",
            "tag"
        ],
        "codename": "change_tag"
    }
},
{
    "model": "auth.permission",
    "fields": {
        "name": "Can delete tag",
        "content_type": [
            "taggit",
            "tag"
        ],
        "codename": "delete_tag"
    }
},
{
    "model": "auth.permission",
    "fields": {
        "name": "Can view tag",
        "content_type": [
            "taggit",
            "tag"
        ],
        "codename": "view_tag"
    }
},
{
    "model": "auth.permission",
    "fields": {
        "name": "Can add tagged item",
        "content_type": [
            "taggit",
            "taggeditem"
        ],
        "codename": "add_taggeditem"
    }
},
{
    "model": "auth.permission",
    "fields": {
        "name": "Can change tagged item",
        "content_type": [
            "taggit",
            "taggeditem"
        ],
        "codename": "change_taggeditem"
    }
},
{
    "model": "auth.permission",
    "fields": {
        "name": "Can delete tagged item",
        "content_type": [
            "taggit",
            "taggeditem"
        ],
        "codename": "delete_taggeditem"
    }
},
{
    "model": "auth.permission",
    "fields": {
        "name": "Can view tagged item",
        "content_type": [
            "taggit",
            "taggeditem"
        ],
        "codename": "view_taggeditem"
    }
},
{
    "model": "auth.user",
    "fields": {
        "password": "pbkdf2_sha256$600000$z5lbii3dmIXjmfJl0uGuzU$7lC7POU0KnXYFssyXy0AQaobk2f5/94hjbPtpv0AQZU=",
        "last_login": "2024-04-12T11:36:33.435Z",
        "is_superuser": true,
        "username": "XELA",
        "first_name": "",
        "last_name": "",
        "email": "tro20000@yandex.ru",
        "is_staff": true,
        "is_active": true,
        "date_joined": "2024-04-12T06:45:58Z",
        "groups": [],
        "user_permissions": [
            [
                "add_logentry",
                "admin",
                "logentry"
            ],
            [
                "change_logentry",
                "admin",
                "logentry"
            ],
            [
                "delete_logentry",
                "admin",
                "logentry"
            ],
            [
                "view_logentry",
                "admin",
                "logentry"
            ],
            [
                "add_group",
                "auth",
                "group"
            ],
            [
                "change_group",
                "auth",
                "group"
            ],
            [
                "delete_group",
                "auth",
                "group"
            ],
            [
                "view_group",
                "auth",
                "group"
            ],
            [
                "add_permission",
                "auth",
                "permission"
            ],
            [
                "change_permission",
                "auth",
                "permission"
            ],
            [
                "delete_permission",
                "auth",
                "permission"
            ],
            [
                "view_permission",
                "auth",
                "permission"
            ],
            [
                "add_user",
                "auth",
                "user"
            ],
            [
                "change_user",
                "auth",
                "user"
            ],
            [
                "delete_user",
                "auth",
                "user"
            ],
            [
                "view_user",
                "auth",
                "user"
            ],
            [
                "add_contenttype",
                "contenttypes",
                "contenttype"
            ],
            [
                "change_contenttype",
                "contenttypes",
                "contenttype"
            ],
            [
                "delete_contenttype",
                "contenttypes",
                "contenttype"
            ],
            [
                "view_contenttype",
                "contenttypes",
                "contenttype"
            ],
            [
                "add_article",
                "job",
                "article"
            ],
            [
                "change_article",
                "job",
                "article"
            ],
            [
                "delete_article",
                "job",
                "article"
            ],
            [
                "view_article",
                "job",
                "article"
            ],
            [
                "add_category",
                "job",
                "category"
            ],
            [
                "change_category",
                "job",
                "category"
            ],
            [
                "delete_category",
                "job",
                "category"
            ],
            [
                "view_category",
                "job",
                "category"
            ],
            [
                "add_comment",
                "job",
                "comment"
            ],
            [
                "change_comment",
                "job",
                "comment"
            ],
            [
                "delete_comment",
                "job",
                "comment"
            ],
            [
                "view_comment",
                "job",
                "comment"
            ],
            [
                "add_rating",
                "job",
                "rating"
            ],
            [
                "change_rating",
                "job",
                "rating"
            ],
            [
                "delete_rating",
                "job",
                "rating"
            ],
            [
                "view_rating",
                "job",
                "rating"
            ],
            [
                "add_viewcount",
                "job",
                "viewcount"
            ],
            [
                "change_viewcount",
                "job",
                "viewcount"
            ],
            [
                "delete_viewcount",
                "job",
                "viewcount"
            ],
            [
                "view_viewcount",
                "job",
                "viewcount"
            ],
            [
                "add_session",
                "sessions",
                "session"
            ],
            [
                "change_session",
                "sessions",
                "session"
            ],
            [
                "delete_session",
                "sessions",
                "session"
            ],
            [
                "view_session",
                "sessions",
                "session"
            ],
            [
                "add_site",
                "sites",
                "site"
            ],
            [
                "change_site",
                "sites",
                "site"
            ],
            [
                "delete_site",
                "sites",
                "site"
            ],
            [
                "view_site",
                "sites",
                "site"
            ],
            [
                "add_feedback",
                "system",
                "feedback"
            ],
            [
                "change_feedback",
                "system",
                "feedback"
            ],
            [
                "delete_feedback",
                "system",
                "feedback"
            ],
            [
                "view_feedback",
                "system",
                "feedback"
            ],
            [
                "add_profile",
                "system",
                "profile"
            ],
            [
                "change_profile",
                "system",
                "profile"
            ],
            [
                "delete_profile",
                "system",
                "profile"
            ],
            [
                "view_profile",
                "system",
                "profile"
            ],
            [
                "add_tag",
                "taggit",
                "tag"
            ],
            [
                "change_tag",
                "taggit",
                "tag"
            ],
            [
                "delete_tag",
                "taggit",
                "tag"
            ],
            [
                "view_tag",
                "taggit",
                "tag"
            ],
            [
                "add_taggeditem",
                "taggit",
                "taggeditem"
            ],
            [
                "change_taggeditem",
                "taggit",
                "taggeditem"
            ],
            [
                "delete_taggeditem",
                "taggit",
                "taggeditem"
            ],
            [
                "view_taggeditem",
                "taggit",
                "taggeditem"
            ]
        ]
    }
},
{
    "model": "auth.user",
    "fields": {
        "password": "pbkdf2_sha256$600000$iTAAnq0ljA6kjyog8DVquD$hls30uaYRVcdUdbCizBEt2ww9W4vV3oRUCThORCRq2o=",
        "last_login": "2024-04-12T11:36:13Z",
        "is_superuser": true,
        "username": "HaG",
        "first_name": "Георгий",
        "last_name": "Трофимов",
        "email": "tro37295@gmail.com",
        "is_staff": true,
        "is_active": true,
        "date_joined": "2024-04-12T10:33:19Z",
        "groups": [],
        "user_permissions": []
    }
},
{
    "model": "auth.user",
    "fields": {
        "password": "pbkdf2_sha256$600000$OkZuOQA4DO2itL3jIURezB$74A3exUb/xEmVdbodimAqrV1EyLvjZNx6KcybzAqq/g=",
        "last_login": "2024-04-12T22:49:55.156Z",
        "is_superuser": false,
        "username": "HELGA87",
        "first_name": "Хельга",
        "last_name": "Космос",
        "email": "ygss110@mail.ru",
        "is_staff": false,
        "is_active": true,
        "date_joined": "2024-04-12T11:37:00.108Z",
        "groups": [],
        "user_permissions": []
    }
},
{
    "model": "sites.site",
    "fields": {
        "domain": "learnone.ru",
        "name": "learnone.ru"
    }
},
{
    "model": "sessions.session",
    "pk": "ba2lxzwmlb7oedg289jq4uokvavsy67u",
    "fields": {
        "session_data": ".eJxVi70OwiAQgN-F2TRcOY7i6O7oTPg5grG1SSmDMb67bdJB1-_nLZxva3Gt8uLuSZxFD-L0C4OPD37uZppTG7l29VVXnrpD1O62Zdc58Xg50r-_-Fq2OVulEFL0JqNlJgmEMUgJJiEqCWiU8jFrDRKDJGtJ7ayPqNMwEInPF8zJNnY:1rvFI5:nPLukhPZfjzA5jPK1pad87ruNNbNTISnIyDTmi5tjfM",
        "expire_date": "2024-04-26T11:41:57.835Z"
    }
},
{
    "model": "sessions.session",
    "pk": "n9bafylsfbpy0185nmi4ir3d5v6dwduz",
    "fields": {
        "session_data": ".eJxVi7sOAiEQRf-F2pDlDZb2ltZkBoZg3HUTWQpj_Hcx2UK7m3vOebEIfauxN3rEa2ZHJtnh90NIN7p_wbLmPlPj7dk2WvgOGr8M7bxmmk-7-tdXaHXEFqgU5aBoh06kIEnYsRR4CNaFkFGhRqcVmSl5SRK8xoDFyaLNZAR7fwDdVzff:1rvFCr:hy6iA0cftsbgkmVDCK-dKsLfmtgFpvIqvlEPU1dZtiM",
        "expire_date": "2024-04-26T11:36:33.357Z"
    }
},
{
    "model": "sessions.session",
    "pk": "ptupde00gq4thtteznvpj8v8ljb4j845",
    "fields": {
        "session_data": ".eJxVi70OwiAQgN-F2TRcOY7i6O7oTPg5grG1SSmDMb67bdJB1-_nLZxva3Gt8uLuSZxFD-L0C4OPD37uZppTG7l29VVXnrpD1O62Zdc58Xg50r-_-Fq2OVulEFL0JqNlJgmEMUgJJiEqCWiU8jFrDRKDJGtJ7ayPqNMwEInPF8zJNnY:1rvFDY:9B9qsKn3y2q7co7fbuGdpPhaXQ4UOEUZjuq-6AhSj4s",
        "expire_date": "2024-04-26T11:37:16.227Z"
    }
},
{
    "model": "job.article",
    "pk": 1,
    "fields": {
        "title": "Тестовая статья",
        "slug": "testovaya-statya",
        "status": "published",
        "time_create": "2024-04-12T06:48:51.835Z",
        "time_update": "2024-04-12T06:48:51.871Z",
        "author": [
            "XELA"
        ],
        "updater": null,
        "fixed": false,
        "category": 1,
        "thumbnail": "images/thumbnails/2024/04/12/django.jpg",
        "short_description": "<p>Питон</p>",
        "full_description": "<p>Лучший</p>"
    }
},
{
    "model": "job.article",
    "pk": 2,
    "fields": {
        "title": "Helga status",
        "slug": "helga-status",
        "status": "published",
        "time_create": "2024-04-12T11:38:24.932Z",
        "time_update": "2024-04-12T11:38:24.936Z",
        "author": [
            "HELGA87"
        ],
        "updater": null,
        "fixed": false,
        "category": 1,
        "thumbnail": "",
        "short_description": "<p>Kryto&nbsp;</p>",
        "full_description": "<p>Ochen prikolno</p>"
    }
},
{
    "model": "job.article",
    "pk": 3,
    "fields": {
        "title": "My vpechatlenie",
        "slug": "my-vpechatlenie",
        "status": "published",
        "time_create": "2024-04-12T11:40:45.016Z",
        "time_update": "2024-04-12T11:40:45.104Z",
        "author": [
            "HELGA87"
        ],
        "updater": null,
        "fixed": false,
        "category": 1,
        "thumbnail": "images/thumbnails/2024/04/12/IMG_2677.png",
        "short_description": "<p>Vse kryto&nbsp;</p>",
        "full_description": "<p>Ochen prikolno&nbsp;</p>"
    }
},
{
    "model": "job.category",
    "pk": 1,
    "fields": {
        "title": "Python",
        "slug": "python",
        "description": "Разработка на Python",
        "parent": null,
        "lft": 1,
        "rght": 2,
        "tree_id": 1,
        "level": 0
    }
},
{
    "model": "job.rating",
    "pk": 2,
    "fields": {
        "article": 1,
        "user": [
            "HELGA87"
        ],
        "value": 1,
        "time_create": "2024-04-12T11:42:11.749Z",
        "ip_address": "188.186.6.79"
    }
},
{
    "model": "job.viewcount",
    "pk": 1,
    "fields": {
        "article": 1,
        "ip_address": "188.186.6.79",
        "viewed_on": "2024-04-12T06:48:52.026Z"
    }
},
{
    "model": "job.viewcount",
    "pk": 2,
    "fields": {
        "article": 1,
        "ip_address": "213.180.203.111",
        "viewed_on": "2024-04-12T10:25:11.321Z"
    }
},
{
    "model": "job.viewcount",
    "pk": 3,
    "fields": {
        "article": 1,
        "ip_address": "213.180.203.195",
        "viewed_on": "2024-04-12T10:26:00.342Z"
    }
},
{
    "model": "job.viewcount",
    "pk": 4,
    "fields": {
        "article": 1,
        "ip_address": "87.250.224.6",
        "viewed_on": "2024-04-12T10:31:06.325Z"
    }
},
{
    "model": "job.viewcount",
    "pk": 5,
    "fields": {
        "article": 2,
        "ip_address": "188.186.6.79",
        "viewed_on": "2024-04-12T11:38:25.053Z"
    }
},
{
    "model": "job.viewcount",
    "pk": 6,
    "fields": {
        "article": 3,
        "ip_address": "188.186.6.79",
        "viewed_on": "2024-04-12T11:40:45.316Z"
    }
},
{
    "model": "job.viewcount",
    "pk": 7,
    "fields": {
        "article": 1,
        "ip_address": "213.180.203.250",
        "viewed_on": "2024-04-12T11:44:27.561Z"
    }
},
{
    "model": "job.viewcount",
    "pk": 8,
    "fields": {
        "article": 1,
        "ip_address": "95.108.213.147",
        "viewed_on": "2024-04-12T11:45:04.098Z"
    }
},
{
    "model": "job.viewcount",
    "pk": 9,
    "fields": {
        "article": 1,
        "ip_address": "5.255.231.200",
        "viewed_on": "2024-04-12T15:04:08.323Z"
    }
},
{
    "model": "job.viewcount",
    "pk": 10,
    "fields": {
        "article": 1,
        "ip_address": "213.180.203.48",
        "viewed_on": "2024-04-12T16:54:30.298Z"
    }
},
{
    "model": "job.viewcount",
    "pk": 11,
    "fields": {
        "article": 1,
        "ip_address": "213.180.203.196",
        "viewed_on": "2024-04-12T17:13:25.607Z"
    }
},
{
    "model": "job.viewcount",
    "pk": 12,
    "fields": {
        "article": 1,
        "ip_address": "111.7.100.22",
        "viewed_on": "2024-04-12T17:54:11.380Z"
    }
},
{
    "model": "job.viewcount",
    "pk": 13,
    "fields": {
        "article": 3,
        "ip_address": "111.7.100.20",
        "viewed_on": "2024-04-12T17:54:11.382Z"
    }
},
{
    "model": "job.viewcount",
    "pk": 14,
    "fields": {
        "article": 2,
        "ip_address": "36.99.136.142",
        "viewed_on": "2024-04-12T17:54:13.074Z"
    }
},
{
    "model": "job.viewcount",
    "pk": 15,
    "fields": {
        "article": 1,
        "ip_address": "213.180.203.23",
        "viewed_on": "2024-04-12T22:52:32.123Z"
    }
},
{
    "model": "job.viewcount",
    "pk": 16,
    "fields": {
        "article": 2,
        "ip_address": "77.234.44.145",
        "viewed_on": "2024-04-12T23:58:07.101Z"
    }
},
{
    "model": "job.viewcount",
    "pk": 17,
    "fields": {
        "article": 3,
        "ip_address": "77.234.44.145",
        "viewed_on": "2024-04-12T23:58:08.519Z"
    }
},
{
    "model": "job.viewcount",
    "pk": 18,
    "fields": {
        "article": 1,
        "ip_address": "77.234.44.145",
        "viewed_on": "2024-04-12T23:58:09.738Z"
    }
},
{
    "model": "job.viewcount",
    "pk": 19,
    "fields": {
        "article": 1,
        "ip_address": "213.180.203.41",
        "viewed_on": "2024-04-13T18:46:02.616Z"
    }
},
{
    "model": "job.viewcount",
    "pk": 20,
    "fields": {
        "article": 1,
        "ip_address": "37.110.119.207",
        "viewed_on": "2024-04-13T18:46:28.441Z"
    }
},
{
    "model": "job.viewcount",
    "pk": 21,
    "fields": {
        "article": 1,
        "ip_address": "95.108.213.107",
        "viewed_on": "2024-04-13T19:56:43.824Z"
    }
},
{
    "model": "job.viewcount",
    "pk": 22,
    "fields": {
        "article": 1,
        "ip_address": "213.180.203.150",
        "viewed_on": "2024-04-13T19:57:15.858Z"
    }
},
{
    "model": "job.viewcount",
    "pk": 23,
    "fields": {
        "article": 1,
        "ip_address": "5.255.231.24",
        "viewed_on": "2024-04-13T22:48:22.456Z"
    }
},
{
    "model": "job.viewcount",
    "pk": 24,
    "fields": {
        "article": 1,
        "ip_address": "213.180.203.228",
        "viewed_on": "2024-04-13T23:30:03.801Z"
    }
},
{
    "model": "job.viewcount",
    "pk": 25,
    "fields": {
        "article": 1,
        "ip_address": "95.108.213.202",
        "viewed_on": "2024-04-14T00:47:47.759Z"
    }
},
{
    "model": "job.viewcount",
    "pk": 26,
    "fields": {
        "article": 1,
        "ip_address": "213.180.203.23",
        "viewed_on": "2024-04-14T02:52:34.771Z"
    }
},
{
    "model": "job.viewcount",
    "pk": 27,
    "fields": {
        "article": 3,
        "ip_address": "111.7.100.20",
        "viewed_on": "2024-04-14T08:15:56.630Z"
    }
},
{
    "model": "job.viewcount",
    "pk": 28,
    "fields": {
        "article": 1,
        "ip_address": "111.7.100.24",
        "viewed_on": "2024-04-14T08:15:57.163Z"
    }
},
{
    "model": "job.viewcount",
    "pk": 29,
    "fields": {
        "article": 2,
        "ip_address": "111.7.100.23",
        "viewed_on": "2024-04-14T08:15:57.206Z"
    }
},
{
    "model": "job.viewcount",
    "pk": 30,
    "fields": {
        "article": 1,
        "ip_address": "111.7.100.25",
        "viewed_on": "2024-04-14T08:15:59.328Z"
    }
},
{
    "model": "system.profile",
    "pk": 2,
    "fields": {
        "user": [
            "XELA"
        ],
        "slug": "xela",
        "avatar": "images/avatars/default.jpg",
        "bio": "",
        "birth_date": null,
        "following": []
    }
},
{
    "model": "system.profile",
    "pk": 20,
    "fields": {
        "user": [
            "HaG"
        ],
        "slug": "hag",
        "avatar": "images/avatars/default.jpg",
        "bio": "",
        "birth_date": null,
        "following": []
    }
},
{
    "model": "system.profile",
    "pk": 21,
    "fields": {
        "user": [
            "HELGA87"
        ],
        "slug": "helga87",
        "avatar": "images/avatars/default.jpg",
        "bio": "",
        "birth_date": null,
        "following": []
    }
},
{
    "model": "system.feedback",
    "pk": 1,
    "fields": {
        "subject": "Test",
        "email": "tro37295@gmail.com",
        "content": "CHOTO ITI",
        "time_create": "2024-04-12T08:22:38.096Z",
        "ip_address": null,
        "user": [
            "XELA"
        ]
    }
},
{
    "model": "system.feedback",
    "pk": 2,
    "fields": {
        "subject": "Test",
        "email": "tro37295@gmail.com",
        "content": "vfvfdvsdcsdc",
        "time_create": "2024-04-12T08:36:42.811Z",
        "ip_address": "188.186.6.79",
        "user": null
    }
},
{
    "model": "system.feedback",
    "pk": 3,
    "fields": {
        "subject": "Chert",
        "email": "tro37295@gmail.com",
        "content": "rojvekovoefnvoe",
        "time_create": "2024-04-12T08:46:01.676Z",
        "ip_address": "188.186.6.79",
        "user": null
    }
}
]
