[{"model": "admin.logentry", "pk": 1, "fields": {"action_time": "2024-03-14T11:43:13.336Z", "user": 1, "content_type": 7, "object_id": "1", "object_repr": "Администратор", "action_flag": 1, "change_message": "[{\"added\": {}}]"}}, {"model": "admin.logentry", "pk": 2, "fields": {"action_time": "2024-03-14T11:43:16.421Z", "user": 1, "content_type": 8, "object_id": "1", "object_repr": "Первая тестовая статья", "action_flag": 1, "change_message": "[{\"added\": {}}]"}}, {"model": "admin.logentry", "pk": 3, "fields": {"action_time": "2024-03-14T11:43:36.130Z", "user": 1, "content_type": 8, "object_id": "1", "object_repr": "Первая тестовая статья", "action_flag": 2, "change_message": "[{\"changed\": {\"fields\": [\"\\u041f\\u0440\\u0435\\u0432\\u044c\\u044e \\u043f\\u043e\\u0441\\u0442\\u0430\"]}}]"}}, {"model": "admin.logentry", "pk": 4, "fields": {"action_time": "2024-03-15T05:37:25.824Z", "user": 1, "content_type": 7, "object_id": "2", "object_repr": "Менеджмент", "action_flag": 1, "change_message": "[{\"added\": {}}]"}}, {"model": "admin.logentry", "pk": 5, "fields": {"action_time": "2024-03-15T05:37:28.627Z", "user": 1, "content_type": 7, "object_id": "1", "object_repr": "Администратор", "action_flag": 2, "change_message": "[{\"changed\": {\"fields\": [\"\\u0420\\u043e\\u0434\\u0438\\u0442\\u0435\\u043b\\u044c\\u0441\\u043a\\u0430\\u044f \\u043a\\u0430\\u0442\\u0435\\u0433\\u043e\\u0440\\u0438\\u044f\"]}}]"}}, {"model": "admin.logentry", "pk": 6, "fields": {"action_time": "2024-03-15T05:37:34.086Z", "user": 1, "content_type": 7, "object_id": "1", "object_repr": "Администратор", "action_flag": 2, "change_message": "[]"}}, {"model": "admin.logentry", "pk": 7, "fields": {"action_time": "2024-03-15T05:44:09.547Z", "user": 1, "content_type": 7, "object_id": "3", "object_repr": "Разработчик", "action_flag": 1, "change_message": "[{\"added\": {}}]"}}, {"model": "admin.logentry", "pk": 8, "fields": {"action_time": "2024-03-15T05:44:13.809Z", "user": 1, "content_type": 7, "object_id": "4", "object_repr": "Разработчик Python", "action_flag": 1, "change_message": "[{\"added\": {}}]"}}, {"model": "admin.logentry", "pk": 9, "fields": {"action_time": "2024-03-15T05:44:55.577Z", "user": 1, "content_type": 8, "object_id": "2", "object_repr": "Вторая тестовая статья", "action_flag": 1, "change_message": "[{\"added\": {}}]"}}, {"model": "admin.logentry", "pk": 10, "fields": {"action_time": "2024-03-15T05:45:31.050Z", "user": 1, "content_type": 8, "object_id": "3", "object_repr": "Третья тестовая статья", "action_flag": 1, "change_message": "[{\"added\": {}}]"}}, {"model": "admin.logentry", "pk": 11, "fields": {"action_time": "2024-03-15T08:23:22.230Z", "user": 1, "content_type": 8, "object_id": "4", "object_repr": "Четвертая тестовая", "action_flag": 1, "change_message": "[{\"added\": {}}]"}}, {"model": "admin.logentry", "pk": 12, "fields": {"action_time": "2024-03-15T08:23:50.709Z", "user": 1, "content_type": 8, "object_id": "5", "object_repr": "Пятая статья", "action_flag": 1, "change_message": "[{\"added\": {}}]"}}, {"model": "admin.logentry", "pk": 13, "fields": {"action_time": "2024-03-15T08:25:11.051Z", "user": 1, "content_type": 8, "object_id": "6", "object_repr": "Седьмая тестовая статья", "action_flag": 1, "change_message": "[{\"added\": {}}]"}}, {"model": "admin.logentry", "pk": 14, "fields": {"action_time": "2024-03-15T08:26:00.504Z", "user": 1, "content_type": 8, "object_id": "7", "object_repr": "Шестая тестовая статья", "action_flag": 1, "change_message": "[{\"added\": {}}]"}}, {"model": "admin.logentry", "pk": 15, "fields": {"action_time": "2024-03-15T09:15:01.847Z", "user": 1, "content_type": 8, "object_id": "8", "object_repr": "Черновая статья", "action_flag": 1, "change_message": "[{\"added\": {}}]"}}, {"model": "admin.logentry", "pk": 16, "fields": {"action_time": "2024-03-16T05:16:53.955Z", "user": 1, "content_type": 4, "object_id": "2", "object_repr": "george", "action_flag": 1, "change_message": "[{\"added\": {}}]"}}, {"model": "admin.logentry", "pk": 17, "fields": {"action_time": "2024-03-16T05:18:33.212Z", "user": 1, "content_type": 9, "object_id": "2", "object_repr": "HaG", "action_flag": 1, "change_message": "[{\"added\": {}}]"}}, {"model": "admin.logentry", "pk": 18, "fields": {"action_time": "2024-03-19T10:19:09.500Z", "user": 1, "content_type": 10, "object_id": "2", "object_repr": "127.0.0.1:8000", "action_flag": 1, "change_message": "[{\"added\": {}}]"}}, {"model": "admin.logentry", "pk": 19, "fields": {"action_time": "2024-03-19T10:33:12.040Z", "user": 1, "content_type": 10, "object_id": "1", "object_repr": "example.com", "action_flag": 3, "change_message": ""}}, {"model": "admin.logentry", "pk": 20, "fields": {"action_time": "2024-03-19T10:34:29.603Z", "user": 1, "content_type": 10, "object_id": "2", "object_repr": "127.0.0.1:8000", "action_flag": 3, "change_message": ""}}, {"model": "admin.logentry", "pk": 21, "fields": {"action_time": "2024-03-19T10:35:21.154Z", "user": 1, "content_type": 10, "object_id": "3", "object_repr": "127.0.0.1:8000", "action_flag": 1, "change_message": "[{\"added\": {}}]"}}, {"model": "admin.logentry", "pk": 22, "fields": {"action_time": "2024-03-19T10:36:31.663Z", "user": 1, "content_type": 10, "object_id": "3", "object_repr": "127.0.0.1:8000", "action_flag": 3, "change_message": ""}}, {"model": "admin.logentry", "pk": 23, "fields": {"action_time": "2024-03-19T10:36:47.084Z", "user": 1, "content_type": 10, "object_id": "1", "object_repr": "127.0.0.1:8000", "action_flag": 2, "change_message": "[{\"changed\": {\"fields\": [\"Domain name\", \"Display name\"]}}]"}}, {"model": "admin.logentry", "pk": 24, "fields": {"action_time": "2024-03-20T11:00:24.809Z", "user": 1, "content_type": 11, "object_id": "1", "object_repr": "HaG:Тесты тесты", "action_flag": 1, "change_message": "[{\"added\": {}}]"}}, {"model": "admin.logentry", "pk": 25, "fields": {"action_time": "2024-03-20T11:00:47.063Z", "user": 1, "content_type": 11, "object_id": "2", "object_repr": "HaGaS:Текст набор", "action_flag": 1, "change_message": "[{\"added\": {}}]"}}, {"model": "admin.logentry", "pk": 26, "fields": {"action_time": "2024-03-20T11:01:20.935Z", "user": 1, "content_type": 11, "object_id": "3", "object_repr": "george:Вновь тесты", "action_flag": 1, "change_message": "[{\"added\": {}}]"}}, {"model": "admin.logentry", "pk": 27, "fields": {"action_time": "2024-03-21T11:15:04.225Z", "user": 1, "content_type": 8, "object_id": "2", "object_repr": "Вторая тестовая статья", "action_flag": 2, "change_message": "[{\"changed\": {\"fields\": [\"Tags\"]}}]"}}, {"model": "admin.logentry", "pk": 28, "fields": {"action_time": "2024-03-21T11:16:09.753Z", "user": 1, "content_type": 8, "object_id": "6", "object_repr": "Седьмая тестовая статья", "action_flag": 2, "change_message": "[{\"changed\": {\"fields\": [\"Tags\"]}}]"}}, {"model": "auth.permission", "pk": 1, "fields": {"name": "Can add log entry", "content_type": 1, "codename": "add_logentry"}}, {"model": "auth.permission", "pk": 2, "fields": {"name": "Can change log entry", "content_type": 1, "codename": "change_logentry"}}, {"model": "auth.permission", "pk": 3, "fields": {"name": "Can delete log entry", "content_type": 1, "codename": "delete_logentry"}}, {"model": "auth.permission", "pk": 4, "fields": {"name": "Can view log entry", "content_type": 1, "codename": "view_logentry"}}, {"model": "auth.permission", "pk": 5, "fields": {"name": "Can add permission", "content_type": 2, "codename": "add_permission"}}, {"model": "auth.permission", "pk": 6, "fields": {"name": "Can change permission", "content_type": 2, "codename": "change_permission"}}, {"model": "auth.permission", "pk": 7, "fields": {"name": "Can delete permission", "content_type": 2, "codename": "delete_permission"}}, {"model": "auth.permission", "pk": 8, "fields": {"name": "Can view permission", "content_type": 2, "codename": "view_permission"}}, {"model": "auth.permission", "pk": 9, "fields": {"name": "Can add group", "content_type": 3, "codename": "add_group"}}, {"model": "auth.permission", "pk": 10, "fields": {"name": "Can change group", "content_type": 3, "codename": "change_group"}}, {"model": "auth.permission", "pk": 11, "fields": {"name": "Can delete group", "content_type": 3, "codename": "delete_group"}}, {"model": "auth.permission", "pk": 12, "fields": {"name": "Can view group", "content_type": 3, "codename": "view_group"}}, {"model": "auth.permission", "pk": 13, "fields": {"name": "Can add user", "content_type": 4, "codename": "add_user"}}, {"model": "auth.permission", "pk": 14, "fields": {"name": "Can change user", "content_type": 4, "codename": "change_user"}}, {"model": "auth.permission", "pk": 15, "fields": {"name": "Can delete user", "content_type": 4, "codename": "delete_user"}}, {"model": "auth.permission", "pk": 16, "fields": {"name": "Can view user", "content_type": 4, "codename": "view_user"}}, {"model": "auth.permission", "pk": 17, "fields": {"name": "Can add content type", "content_type": 5, "codename": "add_contenttype"}}, {"model": "auth.permission", "pk": 18, "fields": {"name": "Can change content type", "content_type": 5, "codename": "change_contenttype"}}, {"model": "auth.permission", "pk": 19, "fields": {"name": "Can delete content type", "content_type": 5, "codename": "delete_contenttype"}}, {"model": "auth.permission", "pk": 20, "fields": {"name": "Can view content type", "content_type": 5, "codename": "view_contenttype"}}, {"model": "auth.permission", "pk": 21, "fields": {"name": "Can add session", "content_type": 6, "codename": "add_session"}}, {"model": "auth.permission", "pk": 22, "fields": {"name": "Can change session", "content_type": 6, "codename": "change_session"}}, {"model": "auth.permission", "pk": 23, "fields": {"name": "Can delete session", "content_type": 6, "codename": "delete_session"}}, {"model": "auth.permission", "pk": 24, "fields": {"name": "Can view session", "content_type": 6, "codename": "view_session"}}, {"model": "auth.permission", "pk": 25, "fields": {"name": "Can add Категория", "content_type": 7, "codename": "add_category"}}, {"model": "auth.permission", "pk": 26, "fields": {"name": "Can change Категория", "content_type": 7, "codename": "change_category"}}, {"model": "auth.permission", "pk": 27, "fields": {"name": "Can delete Категория", "content_type": 7, "codename": "delete_category"}}, {"model": "auth.permission", "pk": 28, "fields": {"name": "Can view Категория", "content_type": 7, "codename": "view_category"}}, {"model": "auth.permission", "pk": 29, "fields": {"name": "Can add Статья", "content_type": 8, "codename": "add_article"}}, {"model": "auth.permission", "pk": 30, "fields": {"name": "Can change Статья", "content_type": 8, "codename": "change_article"}}, {"model": "auth.permission", "pk": 31, "fields": {"name": "Can delete Статья", "content_type": 8, "codename": "delete_article"}}, {"model": "auth.permission", "pk": 32, "fields": {"name": "Can view Статья", "content_type": 8, "codename": "view_article"}}, {"model": "auth.permission", "pk": 33, "fields": {"name": "Can add Профиль", "content_type": 9, "codename": "add_profile"}}, {"model": "auth.permission", "pk": 34, "fields": {"name": "Can change Профиль", "content_type": 9, "codename": "change_profile"}}, {"model": "auth.permission", "pk": 35, "fields": {"name": "Can delete Профиль", "content_type": 9, "codename": "delete_profile"}}, {"model": "auth.permission", "pk": 36, "fields": {"name": "Can view Профиль", "content_type": 9, "codename": "view_profile"}}, {"model": "auth.permission", "pk": 37, "fields": {"name": "Can add site", "content_type": 10, "codename": "add_site"}}, {"model": "auth.permission", "pk": 38, "fields": {"name": "Can change site", "content_type": 10, "codename": "change_site"}}, {"model": "auth.permission", "pk": 39, "fields": {"name": "Can delete site", "content_type": 10, "codename": "delete_site"}}, {"model": "auth.permission", "pk": 40, "fields": {"name": "Can view site", "content_type": 10, "codename": "view_site"}}, {"model": "auth.permission", "pk": 41, "fields": {"name": "Can add Комментарий", "content_type": 11, "codename": "add_comment"}}, {"model": "auth.permission", "pk": 42, "fields": {"name": "Can change Комментарий", "content_type": 11, "codename": "change_comment"}}, {"model": "auth.permission", "pk": 43, "fields": {"name": "Can delete Комментарий", "content_type": 11, "codename": "delete_comment"}}, {"model": "auth.permission", "pk": 44, "fields": {"name": "Can view Комментарий", "content_type": 11, "codename": "view_comment"}}, {"model": "auth.permission", "pk": 45, "fields": {"name": "Can add Обратная связь", "content_type": 12, "codename": "add_feedback"}}, {"model": "auth.permission", "pk": 46, "fields": {"name": "Can change Обратная связь", "content_type": 12, "codename": "change_feedback"}}, {"model": "auth.permission", "pk": 47, "fields": {"name": "Can delete Обратная связь", "content_type": 12, "codename": "delete_feedback"}}, {"model": "auth.permission", "pk": 48, "fields": {"name": "Can view Обратная связь", "content_type": 12, "codename": "view_feedback"}}, {"model": "auth.permission", "pk": 49, "fields": {"name": "Can add tag", "content_type": 13, "codename": "add_tag"}}, {"model": "auth.permission", "pk": 50, "fields": {"name": "Can change tag", "content_type": 13, "codename": "change_tag"}}, {"model": "auth.permission", "pk": 51, "fields": {"name": "Can delete tag", "content_type": 13, "codename": "delete_tag"}}, {"model": "auth.permission", "pk": 52, "fields": {"name": "Can view tag", "content_type": 13, "codename": "view_tag"}}, {"model": "auth.permission", "pk": 53, "fields": {"name": "Can add tagged item", "content_type": 14, "codename": "add_taggeditem"}}, {"model": "auth.permission", "pk": 54, "fields": {"name": "Can change tagged item", "content_type": 14, "codename": "change_taggeditem"}}, {"model": "auth.permission", "pk": 55, "fields": {"name": "Can delete tagged item", "content_type": 14, "codename": "delete_taggeditem"}}, {"model": "auth.permission", "pk": 56, "fields": {"name": "Can view tagged item", "content_type": 14, "codename": "view_taggeditem"}}, {"model": "auth.user", "pk": 1, "fields": {"password": "pbkdf2_sha256$600000$AKkXqL2zurFapZONyx8qJP$rmwmIQgUKB+xQ5Wys26Z+unBWH2/U2pr760YgKZ6G3E=", "last_login": "2024-03-22T09:27:39.721Z", "is_superuser": true, "username": "HaG", "first_name": "Георгий", "last_name": "Трофимов", "email": "tro37295@gmail.com", "is_staff": true, "is_active": true, "date_joined": "2024-03-14T11:42:32.266Z", "groups": [], "user_permissions": []}}, {"model": "auth.user", "pk": 2, "fields": {"password": "pbkdf2_sha256$600000$jW6eZrB1WrDWJTMr2wuwGm$xbK/6kb+3yHZddl6KXrJUBI4WldXF40l8LnAunTG3ZM=", "last_login": null, "is_superuser": false, "username": "george", "first_name": "", "last_name": "", "email": "", "is_staff": false, "is_active": true, "date_joined": "2024-03-16T05:16:53.408Z", "groups": [], "user_permissions": []}}, {"model": "auth.user", "pk": 3, "fields": {"password": "pbkdf2_sha256$600000$lXBhomaNnXrxhmHDqo62xb$Gz/rXzglFqXsP+GCRXQJRveL0QxA0TVcrnlm1kOygaM=", "last_login": "2024-03-16T15:47:52.300Z", "is_superuser": false, "username": "Vacia", "first_name": "Слава", "last_name": "Славный", "email": "tro2000@yandex.ru", "is_staff": false, "is_active": true, "date_joined": "2024-03-16T15:47:31.809Z", "groups": [], "user_permissions": []}}, {"model": "auth.user", "pk": 4, "fields": {"password": "pbkdf2_sha256$600000$OxZU3ni5pAgZDMllgwy8Qs$wAx+7L1etVT7j3oxnkHCwnCHtXoNR1jiyhzrRKiCrnE=", "last_login": null, "is_superuser": false, "username": "Anastas", "first_name": "Анастасия", "last_name": "Трофимова", "email": "anastas2v2@gmail.com", "is_staff": false, "is_active": true, "date_joined": "2024-03-19T05:26:38.732Z", "groups": [], "user_permissions": []}}, {"model": "auth.user", "pk": 5, "fields": {"password": "pbkdf2_sha256$600000$RGJo8KXWuHICLwbEq27wv8$XJy3HfUnvqtrkr0Rl4p4O0WK4czYRLOHKy8Sqg6q65A=", "last_login": "2024-03-20T08:25:51.834Z", "is_superuser": false, "username": "HaGaS", "first_name": "Ифан", "last_name": "Ифаерв", "email": "tro20000@yandex.ru", "is_staff": false, "is_active": true, "date_joined": "2024-03-20T08:25:35.468Z", "groups": [], "user_permissions": []}}, {"model": "sites.site", "pk": 1, "fields": {"domain": "127.0.0.1:8000", "name": "127.0.0.1:8000"}}, {"model": "sessions.session", "pk": "bbp9a3lotnj87zqqlqfx3m3sbq13np60", "fields": {"session_data": ".eJxVjEEOwiAURO_C2hDgF-h36b5nIPABqRqalHZlvLs06UIzu3lv5s2c37fi9pZWN0d2ZZJdfrvg6ZnqAeLD1_vCaanbOgd-KPykjU9LTK_b6f4dFN9KX2NQEpCEVhJ7tICURy8RwGCOQEkNRtoskNAETWkcumoo6GDBCCvY5wuuvTaG:1rnGyI:f9WONodwwPmnyeXtE_rWDmfH9SGQ-C5mL5Nx88hF-Jc", "expire_date": "2024-04-04T11:52:34.949Z"}}, {"model": "sessions.session", "pk": "f1qm0resg5ma6eghsakvm4wspfnbk8gn", "fields": {"session_data": ".eJxVjEEOwiAURO_C2hDgF-h36b5nIPABqRqalHZlvLs06UIzu3lv5s2c37fi9pZWN0d2ZZJdfrvg6ZnqAeLD1_vCaanbOgd-KPykjU9LTK_b6f4dFN9KX2NQEpCEVhJ7tICURy8RwGCOQEkNRtoskNAETWkcumoo6GDBCCvY5wuuvTaG:1rnbBb:XpdDMAm51KF4DnZ1lGBjaKmcZswTqkOMmElKzmfb6lo", "expire_date": "2024-04-05T09:27:39.749Z"}}, {"model": "job.article", "pk": 1, "fields": {"title": "Первая тестовая статья", "slug": "pervaya-testovaya-statya", "short_description": "Первая", "full_description": "Ну внатури первая", "status": "published", "time_create": "2024-03-14T11:43:16.419Z", "time_update": "2024-03-14T11:43:36.126Z", "author": 1, "updater": null, "fixed": false, "category": 1, "thumbnail": "images/thumbnails/2024/03/14/fighter.png"}}, {"model": "job.article", "pk": 2, "fields": {"title": "Вторая тестовая статья", "slug": "vtoraya-testovaya-statya", "short_description": "Проверяем заполнение сайта", "full_description": "Опять же", "status": "published", "time_create": "2024-03-15T05:44:55.571Z", "time_update": "2024-03-21T11:15:04.195Z", "author": 1, "updater": 1, "fixed": true, "category": 3, "thumbnail": "images/thumbnails/2024/03/15/ball.png"}}, {"model": "job.article", "pk": 3, "fields": {"title": "Третья тестовая статья", "slug": "tretya-testovaya-statya", "short_description": "пРОВЕРКА", "full_description": "нА ПРОВЕРКЕ", "status": "published", "time_create": "2024-03-15T05:45:31.046Z", "time_update": "2024-03-15T05:45:31.046Z", "author": 1, "updater": null, "fixed": false, "category": 2, "thumbnail": "images/thumbnails/2024/03/15/alien.png"}}, {"model": "job.article", "pk": 4, "fields": {"title": "Четвертая тестовая", "slug": "chetvertaya-testovaya", "short_description": "Четвертая", "full_description": "Статья", "status": "published", "time_create": "2024-03-15T08:23:22.224Z", "time_update": "2024-03-15T08:23:22.224Z", "author": 1, "updater": null, "fixed": false, "category": 1, "thumbnail": "images/thumbnails/2024/03/15/amazon.jpg"}}, {"model": "job.article", "pk": 5, "fields": {"title": "Пятая статья", "slug": "pyataya-statya", "short_description": "Пятая", "full_description": "Тестовая", "status": "published", "time_create": "2024-03-15T08:23:50.703Z", "time_update": "2024-03-15T08:23:50.703Z", "author": 1, "updater": null, "fixed": false, "category": 4, "thumbnail": "images/thumbnails/2024/03/15/microsoft_PNG15.jpg"}}, {"model": "job.article", "pk": 6, "fields": {"title": "Седьмая тестовая статья", "slug": "sedmaya-testovaya-statya", "short_description": "Седьмая описали все", "full_description": "Тестовая", "status": "published", "time_create": "2024-03-15T08:25:11.046Z", "time_update": "2024-03-21T11:16:09.739Z", "author": 1, "updater": 1, "fixed": false, "category": 1, "thumbnail": "images/thumbnails/2024/03/15/django.jpg"}}, {"model": "job.article", "pk": 7, "fields": {"title": "Шестая тестовая статья", "slug": "shestaya-testovaya-statya", "short_description": "Шестая", "full_description": "Тестовая", "status": "published", "time_create": "2024-03-15T08:26:00.499Z", "time_update": "2024-03-15T08:26:00.499Z", "author": 1, "updater": null, "fixed": false, "category": 3, "thumbnail": "images/thumbnails/2024/03/15/Рейтинг.jpg"}}, {"model": "job.article", "pk": 8, "fields": {"title": "Черновая статья", "slug": "chernovaya-statya", "short_description": "Черновикккк", "full_description": "Черный", "status": "draft", "time_create": "2024-03-15T09:15:01.842Z", "time_update": "2024-03-15T09:15:01.842Z", "author": 1, "updater": 1, "fixed": false, "category": 4, "thumbnail": "images/thumbnails/2024/03/15/django_uZX3Fgv.jpg"}}, {"model": "job.article", "pk": 10, "fields": {"title": "Проверка комментариев", "slug": "proverka-kommentariev", "short_description": "Проверим этот движ", "full_description": "Как там", "status": "published", "time_create": "2024-03-21T05:57:39.217Z", "time_update": "2024-03-21T05:57:39.231Z", "author": 1, "updater": null, "fixed": false, "category": 1, "thumbnail": "images/thumbnails/2024/03/21/photo_2024-03-02_16-26-15.jpg"}}, {"model": "job.category", "pk": 1, "fields": {"title": "Администратор", "slug": "administrator", "description": "Администрирование", "parent": 2, "lft": 2, "rght": 3, "tree_id": 2, "level": 1}}, {"model": "job.category", "pk": 2, "fields": {"title": "Менеджмент", "slug": "menedzhment", "description": "Управление персоналом", "parent": null, "lft": 1, "rght": 4, "tree_id": 2, "level": 0}}, {"model": "job.category", "pk": 3, "fields": {"title": "Разработчик", "slug": "razrabotchik", "description": "Знание языка соответствие языку использование на проекте", "parent": null, "lft": 1, "rght": 4, "tree_id": 3, "level": 0}}, {"model": "job.category", "pk": 4, "fields": {"title": "Разработчик Python", "slug": "razrabotchik-python", "description": "Создание серверной архитектуры", "parent": 3, "lft": 2, "rght": 3, "tree_id": 3, "level": 1}}, {"model": "job.comment", "pk": 1, "fields": {"article": 2, "author": 1, "content": "Тесты тесты", "time_create": "2024-03-20T11:00:24.803Z", "time_update": "2024-03-20T11:00:24.803Z", "status": "published", "parent": null, "lft": 1, "rght": 4, "tree_id": 1, "level": 0}}, {"model": "job.comment", "pk": 2, "fields": {"article": 2, "author": 5, "content": "Текст набор", "time_create": "2024-03-20T11:00:47.059Z", "time_update": "2024-03-20T11:00:47.059Z", "status": "published", "parent": null, "lft": 1, "rght": 2, "tree_id": 2, "level": 0}}, {"model": "job.comment", "pk": 3, "fields": {"article": 2, "author": 2, "content": "Вновь тесты", "time_create": "2024-03-20T11:01:20.933Z", "time_update": "2024-03-20T11:01:20.933Z", "status": "published", "parent": 1, "lft": 2, "rght": 3, "tree_id": 1, "level": 1}}, {"model": "job.comment", "pk": 4, "fields": {"article": 6, "author": 1, "content": "Привет", "time_create": "2024-03-21T05:48:34.432Z", "time_update": "2024-03-21T05:48:34.432Z", "status": "published", "parent": null, "lft": 1, "rght": 2, "tree_id": 3, "level": 0}}, {"model": "job.comment", "pk": 5, "fields": {"article": 6, "author": 1, "content": "Привет", "time_create": "2024-03-21T05:49:16.171Z", "time_update": "2024-03-21T05:49:16.171Z", "status": "published", "parent": null, "lft": 1, "rght": 2, "tree_id": 4, "level": 0}}, {"model": "job.comment", "pk": 6, "fields": {"article": 6, "author": 1, "content": "Привет", "time_create": "2024-03-21T05:51:38.663Z", "time_update": "2024-03-21T05:51:38.663Z", "status": "published", "parent": null, "lft": 1, "rght": 2, "tree_id": 5, "level": 0}}, {"model": "job.comment", "pk": 7, "fields": {"article": 6, "author": 1, "content": "Как оно", "time_create": "2024-03-21T05:51:50.135Z", "time_update": "2024-03-21T05:51:50.135Z", "status": "published", "parent": null, "lft": 1, "rght": 2, "tree_id": 6, "level": 0}}, {"model": "job.comment", "pk": 8, "fields": {"article": 6, "author": 1, "content": "Хорошо", "time_create": "2024-03-21T05:51:59.499Z", "time_update": "2024-03-21T05:51:59.499Z", "status": "published", "parent": null, "lft": 1, "rght": 2, "tree_id": 7, "level": 0}}, {"model": "job.comment", "pk": 9, "fields": {"article": 6, "author": 1, "content": "как", "time_create": "2024-03-21T05:52:51.961Z", "time_update": "2024-03-21T05:52:51.961Z", "status": "published", "parent": null, "lft": 1, "rght": 2, "tree_id": 8, "level": 0}}, {"model": "job.comment", "pk": 10, "fields": {"article": 10, "author": 1, "content": "Провреим", "time_create": "2024-03-21T05:57:45.729Z", "time_update": "2024-03-21T05:57:45.729Z", "status": "published", "parent": null, "lft": 1, "rght": 4, "tree_id": 9, "level": 0}}, {"model": "job.comment", "pk": 11, "fields": {"article": 10, "author": 1, "content": "HaG, Еще разок", "time_create": "2024-03-21T05:57:52.100Z", "time_update": "2024-03-21T05:57:52.100Z", "status": "published", "parent": 10, "lft": 2, "rght": 3, "tree_id": 9, "level": 1}}, {"model": "system.profile", "pk": 1, "fields": {"user": 2, "slug": "george", "avatar": "images/avatars/default.jpg", "bio": "", "birth_date": null}}, {"model": "system.profile", "pk": 2, "fields": {"user": 1, "slug": "hag", "avatar": "images/avatars/2024/03/16/django.jpg", "bio": "Это местный админ Четкий", "birth_date": "2024-03-16"}}, {"model": "system.profile", "pk": 3, "fields": {"user": 3, "slug": "vacia", "avatar": "images/avatars/default.jpg", "bio": "", "birth_date": null}}, {"model": "system.profile", "pk": 4, "fields": {"user": 4, "slug": "anastas", "avatar": "images/avatars/default.jpg", "bio": "", "birth_date": null}}, {"model": "system.profile", "pk": 5, "fields": {"user": 5, "slug": "hagas", "avatar": "images/avatars/default.jpg", "bio": "", "birth_date": null}}, {"model": "system.feedback", "pk": 1, "fields": {"subject": "ТЕСТЫ", "email": "tro2000@yandex.ru", "content": "Проверим этот сайт", "time_create": "2024-03-21T09:50:54.772Z", "ip_address": "127.0.0.1", "user": 1}}, {"model": "taggit.tag", "pk": 1, "fields": {"name": "Django", "slug": "django"}}, {"model": "taggit.tag", "pk": 2, "fields": {"name": "Python", "slug": "python"}}, {"model": "taggit.taggeditem", "pk": 1, "fields": {"tag": 1, "content_type": 8, "object_id": 2}}, {"model": "taggit.taggeditem", "pk": 2, "fields": {"tag": 2, "content_type": 8, "object_id": 2}}, {"model": "taggit.taggeditem", "pk": 3, "fields": {"tag": 1, "content_type": 8, "object_id": 6}}, {"model": "taggit.taggeditem", "pk": 4, "fields": {"tag": 2, "content_type": 8, "object_id": 6}}]